1	Origin	Road	-18
1	Origin	Rail	-12
1	Origin	IWW	50
1	Destination	Road	-4
1	Destination	Rail	0
1	Destination	IWW	40
2	Origin	Road	-18
2	Origin	Rail	-10
2	Origin	IWW	2
2	Destination	Road	-2
2	Destination	Rail	0
2	Destination	IWW	6
3	Origin	Road	-20
3	Origin	Rail	-12
3	Origin	IWW	-4
3	Destination	Road	-2
3	Destination	Rail	0
3	Destination	IWW	26
4	Origin	Road	-12
4	Origin	Rail	-8
4	Origin	IWW	50
4	Destination	Road	2
4	Destination	Rail	0
4	Destination	IWW	50
5	Origin	Road	-18
5	Origin	Rail	-12
5	Origin	IWW	50
5	Destination	Road	0
5	Destination	Rail	0
5	Destination	IWW	34
6	Origin	Road	-10
6	Origin	Rail	-8
6	Origin	IWW	50
6	Destination	Road	2
6	Destination	Rail	0
6	Destination	IWW	6
7	Origin	Road	-18
7	Origin	Rail	-12
7	Origin	IWW	50
7	Destination	Road	-6
7	Destination	Rail	-2
7	Destination	IWW	30
8	Origin	Road	-12
8	Origin	Rail	-8
8	Origin	IWW	50
8	Destination	Road	2
8	Destination	Rail	0
8	Destination	IWW	50
9	Origin	Road	-20
9	Origin	Rail	-10
9	Origin	IWW	50
9	Destination	Road	2
9	Destination	Rail	0
9	Destination	IWW	48
10	Origin	Road	-26
10	Origin	Rail	-14
10	Origin	IWW	50
10	Destination	Road	-8
10	Destination	Rail	-2
10	Destination	IWW	26
11	Origin	Road	4
11	Origin	Rail	6
11	Origin	IWW	-8
11	Destination	Road	10
11	Destination	Rail	18
11	Destination	IWW	-4
12	Origin	Road	-16
12	Origin	Rail	-10
12	Origin	IWW	50
12	Destination	Road	-10
12	Destination	Rail	-6
12	Destination	IWW	50
13	Origin	Road	-20
13	Origin	Rail	4
13	Origin	IWW	-4
13	Destination	Road	-10
13	Destination	Rail	50
13	Destination	IWW	0
14	Origin	Road	-26
14	Origin	Rail	-18
14	Origin	IWW	6
14	Destination	Road	-30
14	Destination	Rail	-14
14	Destination	IWW	22
15	Origin	Road	-18
15	Origin	Rail	-12
15	Origin	IWW	50
15	Destination	Road	-6
15	Destination	Rail	-6
15	Destination	IWW	8
16	Origin	Road	-20
16	Origin	Rail	-10
16	Origin	IWW	50
16	Destination	Road	-2
16	Destination	Rail	0
16	Destination	IWW	50
17	Origin	Road	-16
17	Origin	Rail	-14
17	Origin	IWW	50
17	Destination	Road	-12
17	Destination	Rail	-16
17	Destination	IWW	50
18	Origin	Road	-20
18	Origin	Rail	-8
18	Origin	IWW	-6
18	Destination	Road	-8
18	Destination	Rail	-2
18	Destination	IWW	8
19	Origin	Road	-16
19	Origin	Rail	-8
19	Origin	IWW	50
19	Destination	Road	-20
19	Destination	Rail	-20
19	Destination	IWW	50
20	Origin	Road	-16
20	Origin	Rail	-8
20	Origin	IWW	50
20	Destination	Road	-6
20	Destination	Rail	-6
20	Destination	IWW	30
21	Origin	Road	-16
21	Origin	Rail	-22
21	Origin	IWW	26
21	Destination	Road	12
21	Destination	Rail	26
21	Destination	IWW	-38
22	Origin	Road	-36
22	Origin	Rail	-30
22	Origin	IWW	34
22	Destination	Road	-10
22	Destination	Rail	16
22	Destination	IWW	-46
23	Origin	Road	-8
23	Origin	Rail	-36
23	Origin	IWW	26
23	Destination	Road	-34
23	Destination	Rail	-4
23	Destination	IWW	-50
24	Origin	Road	-6
24	Origin	Rail	-42
24	Origin	IWW	44
24	Destination	Road	-10
24	Destination	Rail	2
24	Destination	IWW	-50
25	Origin	Road	10
25	Origin	Rail	-34
25	Origin	IWW	50
25	Destination	Road	8
25	Destination	Rail	0
25	Destination	IWW	50
26	Origin	Road	-28
26	Origin	Rail	-16
26	Origin	IWW	50
26	Destination	Road	-42
26	Destination	Rail	0
26	Destination	IWW	-50
27	Origin	Road	-12
27	Origin	Rail	-6
27	Origin	IWW	-22
27	Destination	Road	-2
27	Destination	Rail	12
27	Destination	IWW	-16
28	Origin	Road	-42
28	Origin	Rail	-34
28	Origin	IWW	-40
28	Destination	Road	12
28	Destination	Rail	10
28	Destination	IWW	-6
29	Origin	Road	-24
29	Origin	Rail	-20
29	Origin	IWW	50
29	Destination	Road	-24
29	Destination	Rail	-32
29	Destination	IWW	0
30	Origin	Road	-24
30	Origin	Rail	-24
30	Origin	IWW	50
30	Destination	Road	2
30	Destination	Rail	-50
30	Destination	IWW	50
31	Origin	Road	-6
31	Origin	Rail	-4
31	Origin	IWW	-4
31	Destination	Road	-42
31	Destination	Rail	-46
31	Destination	IWW	50
32	Origin	Road	-20
32	Origin	Rail	-12
32	Origin	IWW	50
32	Destination	Road	2
32	Destination	Rail	-10
32	Destination	IWW	50
33	Origin	Road	6
33	Origin	Rail	10
33	Origin	IWW	40
33	Destination	Road	10
33	Destination	Rail	0
33	Destination	IWW	50
34	Origin	Road	-50
34	Origin	Rail	-50
34	Origin	IWW	-50
34	Destination	Road	-50
34	Destination	Rail	-50
34	Destination	IWW	-50
35	Origin	Road	-18
35	Origin	Rail	-10
35	Origin	IWW	50
35	Destination	Road	-6
35	Destination	Rail	0
35	Destination	IWW	50
36	Origin	Road	-22
36	Origin	Rail	-14
36	Origin	IWW	50
36	Destination	Road	-4
36	Destination	Rail	-2
36	Destination	IWW	50
37	Origin	Road	-26
37	Origin	Rail	-18
37	Origin	IWW	50
37	Destination	Road	4
37	Destination	Rail	0
37	Destination	IWW	50
38	Origin	Road	-12
38	Origin	Rail	-22
38	Origin	IWW	40
38	Destination	Road	18
38	Destination	Rail	4
38	Destination	IWW	-50
39	Origin	Road	-36
39	Origin	Rail	-26
39	Origin	IWW	50
39	Destination	Road	4
39	Destination	Rail	2
39	Destination	IWW	50
40	Origin	Road	-18
40	Origin	Rail	-8
40	Origin	IWW	50
40	Destination	Road	-4
40	Destination	Rail	-2
40	Destination	IWW	50
41	Origin	Road	-26
41	Origin	Rail	-10
41	Origin	IWW	50
41	Destination	Road	-10
41	Destination	Rail	0
41	Destination	IWW	50
42	Origin	Road	-14
42	Origin	Rail	-16
42	Origin	IWW	50
42	Destination	Road	8
42	Destination	Rail	0
42	Destination	IWW	44
43	Origin	Road	-2
43	Origin	Rail	10
43	Origin	IWW	4
43	Destination	Road	-2
43	Destination	Rail	-4
43	Destination	IWW	6
44	Origin	Road	-18
44	Origin	Rail	-2
44	Origin	IWW	0
44	Destination	Road	-2
44	Destination	Rail	-2
44	Destination	IWW	2
45	Origin	Road	-12
45	Origin	Rail	0
45	Origin	IWW	-2
45	Destination	Road	-4
45	Destination	Rail	-6
45	Destination	IWW	16
46	Origin	Road	-16
46	Origin	Rail	-2
46	Origin	IWW	50
46	Destination	Road	-8
46	Destination	Rail	-6
46	Destination	IWW	50
47	Origin	Road	-26
47	Origin	Rail	-16
47	Origin	IWW	50
47	Destination	Road	4
47	Destination	Rail	0
47	Destination	IWW	50
48	Origin	Road	-20
48	Origin	Rail	-16
48	Origin	IWW	50
48	Destination	Road	-2
48	Destination	Rail	-4
48	Destination	IWW	40
49	Origin	Road	-14
49	Origin	Rail	-2
49	Origin	IWW	50
49	Destination	Road	-8
49	Destination	Rail	0
49	Destination	IWW	2
50	Origin	Road	-8
50	Origin	Rail	8
50	Origin	IWW	50
50	Destination	Road	-2
50	Destination	Rail	-2
50	Destination	IWW	50
51	Origin	Road	-30
51	Origin	Rail	-16
51	Origin	IWW	50
51	Destination	Road	0
51	Destination	Rail	0
51	Destination	IWW	26
52	Origin	Road	-2
52	Origin	Rail	16
52	Origin	IWW	50
52	Destination	Road	4
52	Destination	Rail	0
52	Destination	IWW	-6
53	Origin	Road	-12
53	Origin	Rail	2
53	Origin	IWW	50
53	Destination	Road	-2
53	Destination	Rail	-2
53	Destination	IWW	50
54	Origin	Road	-22
54	Origin	Rail	-10
54	Origin	IWW	0
54	Destination	Road	-10
54	Destination	Rail	-8
54	Destination	IWW	-50
55	Origin	Road	-16
55	Origin	Rail	-12
55	Origin	IWW	50
55	Destination	Road	2
55	Destination	Rail	2
55	Destination	IWW	50
56	Origin	Road	-18
56	Origin	Rail	-6
56	Origin	IWW	28
56	Destination	Road	-2
56	Destination	Rail	0
56	Destination	IWW	50
57	Origin	Road	-16
57	Origin	Rail	-6
57	Origin	IWW	14
57	Destination	Road	8
57	Destination	Rail	6
57	Destination	IWW	-10
58	Origin	Road	-4
58	Origin	Rail	-2
58	Origin	IWW	10
58	Destination	Road	6
58	Destination	Rail	0
58	Destination	IWW	-2
59	Origin	Road	-30
59	Origin	Rail	-12
59	Origin	IWW	8
59	Destination	Road	0
59	Destination	Rail	0
59	Destination	IWW	-18
60	Origin	Road	-28
60	Origin	Rail	-12
60	Origin	IWW	50
60	Destination	Road	-2
60	Destination	Rail	-2
60	Destination	IWW	30
61	Origin	Road	-14
61	Origin	Rail	-6
61	Origin	IWW	50
61	Destination	Road	-2
61	Destination	Rail	-2
61	Destination	IWW	50
62	Origin	Road	-24
62	Origin	Rail	-14
62	Origin	IWW	30
62	Destination	Road	-4
62	Destination	Rail	-2
62	Destination	IWW	4
63	Origin	Road	-20
63	Origin	Rail	-10
63	Origin	IWW	50
63	Destination	Road	4
63	Destination	Rail	2
63	Destination	IWW	-4
64	Origin	Road	-12
64	Origin	Rail	0
64	Origin	IWW	-2
64	Destination	Road	0
64	Destination	Rail	2
64	Destination	IWW	-8
65	Origin	Road	-20
65	Origin	Rail	-8
65	Origin	IWW	-4
65	Destination	Road	-22
65	Destination	Rail	-6
65	Destination	IWW	-10
66	Origin	Road	-18
66	Origin	Rail	-4
66	Origin	IWW	-2
66	Destination	Road	-4
66	Destination	Rail	4
66	Destination	IWW	-26
67	Origin	Road	-12
67	Origin	Rail	-6
67	Origin	IWW	50
67	Destination	Road	2
67	Destination	Rail	0
67	Destination	IWW	-6
68	Origin	Road	-24
68	Origin	Rail	-10
68	Origin	IWW	-8
68	Destination	Road	2
68	Destination	Rail	4
68	Destination	IWW	-12
69	Origin	Road	-16
69	Origin	Rail	-10
69	Origin	IWW	6
69	Destination	Road	2
69	Destination	Rail	0
69	Destination	IWW	-8
70	Origin	Road	-18
70	Origin	Rail	-2
70	Origin	IWW	18
70	Destination	Road	-12
70	Destination	Rail	-6
70	Destination	IWW	-16
71	Origin	Road	-24
71	Origin	Rail	-16
71	Origin	IWW	50
71	Destination	Road	2
71	Destination	Rail	0
71	Destination	IWW	-6
72	Origin	Road	-50
72	Origin	Rail	-32
72	Origin	IWW	50
72	Destination	Road	0
72	Destination	Rail	0
72	Destination	IWW	-14
73	Origin	Road	-50
73	Origin	Rail	-28
73	Origin	IWW	50
73	Destination	Road	-2
73	Destination	Rail	4
73	Destination	IWW	-6
74	Origin	Road	-18
74	Origin	Rail	2
74	Origin	IWW	34
74	Destination	Road	4
74	Destination	Rail	6
74	Destination	IWW	-8
75	Origin	Road	-14
75	Origin	Rail	-8
75	Origin	IWW	-4
75	Destination	Road	-38
75	Destination	Rail	-50
75	Destination	IWW	50
76	Origin	Road	-24
76	Origin	Rail	-10
76	Origin	IWW	50
76	Destination	Road	0
76	Destination	Rail	0
76	Destination	IWW	50
77	Origin	Road	-16
77	Origin	Rail	-12
77	Origin	IWW	50
77	Destination	Road	0
77	Destination	Rail	0
77	Destination	IWW	50
78	Origin	Road	-22
78	Origin	Rail	-14
78	Origin	IWW	50
78	Destination	Road	-8
78	Destination	Rail	-2
78	Destination	IWW	50
79	Origin	Road	-24
79	Origin	Rail	-16
79	Origin	IWW	50
79	Destination	Road	-6
79	Destination	Rail	-2
79	Destination	IWW	50
80	Origin	Road	-14
80	Origin	Rail	-10
80	Origin	IWW	50
80	Destination	Road	-2
80	Destination	Rail	0
80	Destination	IWW	50
81	Origin	Road	-22
81	Origin	Rail	-16
81	Origin	IWW	50
81	Destination	Road	2
81	Destination	Rail	0
81	Destination	IWW	50
82	Origin	Road	-18
82	Origin	Rail	10
82	Origin	IWW	-8
82	Destination	Road	-10
82	Destination	Rail	2
82	Destination	IWW	-20
83	Origin	Road	-28
83	Origin	Rail	-16
83	Origin	IWW	50
83	Destination	Road	2
83	Destination	Rail	0
83	Destination	IWW	10
84	Origin	Road	-24
84	Origin	Rail	-6
84	Origin	IWW	-50
84	Destination	Road	-24
84	Destination	Rail	4
84	Destination	IWW	-50
85	Origin	Road	12
85	Origin	Rail	-2
85	Origin	IWW	-50
85	Destination	Road	8
85	Destination	Rail	0
85	Destination	IWW	-50
86	Origin	Road	10
86	Origin	Rail	38
86	Origin	IWW	28
86	Destination	Road	-50
86	Destination	Rail	50
86	Destination	IWW	46
87	Origin	Road	-8
87	Origin	Rail	-4
87	Origin	IWW	-50
87	Destination	Road	-50
87	Destination	Rail	50
87	Destination	IWW	-50
88	Origin	Road	8
88	Origin	Rail	2
88	Origin	IWW	-50
88	Destination	Road	-38
88	Destination	Rail	2
88	Destination	IWW	-50
89	Origin	Road	-12
89	Origin	Rail	10
89	Origin	IWW	-50
89	Destination	Road	-26
89	Destination	Rail	0
89	Destination	IWW	-50
90	Origin	Road	-14
90	Origin	Rail	12
90	Origin	IWW	-50
90	Destination	Road	34
90	Destination	Rail	22
90	Destination	IWW	-50
91	Origin	Road	-44
91	Origin	Rail	-8
91	Origin	IWW	-50
91	Destination	Road	-6
91	Destination	Rail	-8
91	Destination	IWW	-50
92	Origin	Road	-30
92	Origin	Rail	8
92	Origin	IWW	-50
92	Destination	Road	2
92	Destination	Rail	0
92	Destination	IWW	-50
93	Origin	Road	-20
93	Origin	Rail	48
93	Origin	IWW	-50
93	Destination	Road	28
93	Destination	Rail	48
93	Destination	IWW	-50
94	Origin	Road	-18
94	Origin	Rail	18
94	Origin	IWW	-50
94	Destination	Road	-2
94	Destination	Rail	0
94	Destination	IWW	-50
95	Origin	Road	-30
95	Origin	Rail	4
95	Origin	IWW	-50
95	Destination	Road	6
95	Destination	Rail	0
95	Destination	IWW	-50
96	Origin	Road	-26
96	Origin	Rail	6
96	Origin	IWW	-50
96	Destination	Road	-26
96	Destination	Rail	2
96	Destination	IWW	-50
97	Origin	Road	-22
97	Origin	Rail	6
97	Origin	IWW	-50
97	Destination	Road	-24
97	Destination	Rail	-4
97	Destination	IWW	-50
98	Origin	Road	-16
98	Origin	Rail	-8
98	Origin	IWW	-50
98	Destination	Road	-50
98	Destination	Rail	50
98	Destination	IWW	-50
99	Origin	Road	-50
99	Origin	Rail	-50
99	Origin	IWW	-50
99	Destination	Road	-50
99	Destination	Rail	-50
99	Destination	IWW	-50
100	Origin	Road	-28
100	Origin	Rail	-30
100	Origin	IWW	28
100	Destination	Road	-50
100	Destination	Rail	50
100	Destination	IWW	50
101	Origin	Road	-32
101	Origin	Rail	6
101	Origin	IWW	-50
101	Destination	Road	-22
101	Destination	Rail	-24
101	Destination	IWW	-50
102	Origin	Road	32
102	Origin	Rail	-50
102	Origin	IWW	50
102	Destination	Road	26
102	Destination	Rail	10
102	Destination	IWW	4
103	Origin	Road	-50
103	Origin	Rail	-50
103	Origin	IWW	-50
103	Destination	Road	-50
103	Destination	Rail	-50
103	Destination	IWW	-50
104	Origin	Road	-50
104	Origin	Rail	-50
104	Origin	IWW	-50
104	Destination	Road	-50
104	Destination	Rail	-50
104	Destination	IWW	-50
105	Origin	Road	-50
105	Origin	Rail	-50
105	Origin	IWW	-50
105	Destination	Road	-50
105	Destination	Rail	-50
105	Destination	IWW	-50
106	Origin	Road	-18
106	Origin	Rail	4
106	Origin	IWW	-50
106	Destination	Road	-10
106	Destination	Rail	0
106	Destination	IWW	-50
107	Origin	Road	-50
107	Origin	Rail	-50
107	Origin	IWW	-50
107	Destination	Road	-50
107	Destination	Rail	-50
107	Destination	IWW	-50
108	Origin	Road	40
108	Origin	Rail	-2
108	Origin	IWW	-50
108	Destination	Road	10
108	Destination	Rail	0
108	Destination	IWW	-50
109	Origin	Road	-26
109	Origin	Rail	2
109	Origin	IWW	-50
109	Destination	Road	10
109	Destination	Rail	0
109	Destination	IWW	-50
110	Origin	Road	-32
110	Origin	Rail	-18
110	Origin	IWW	-50
110	Destination	Road	0
110	Destination	Rail	6
110	Destination	IWW	0
111	Origin	Road	-12
111	Origin	Rail	-12
111	Origin	IWW	50
111	Destination	Road	-8
111	Destination	Rail	-10
111	Destination	IWW	50
112	Origin	Road	-6
112	Origin	Rail	0
112	Origin	IWW	4
112	Destination	Road	0
112	Destination	Rail	0
112	Destination	IWW	48
113	Origin	Road	-8
113	Origin	Rail	2
113	Origin	IWW	-18
113	Destination	Road	4
113	Destination	Rail	8
113	Destination	IWW	14
114	Origin	Road	2
114	Origin	Rail	-2
114	Origin	IWW	50
114	Destination	Road	-46
114	Destination	Rail	-50
114	Destination	IWW	2
115	Origin	Road	0
115	Origin	Rail	0
115	Origin	IWW	50
115	Destination	Road	-48
115	Destination	Rail	-20
115	Destination	IWW	50
116	Origin	Road	-10
116	Origin	Rail	-6
116	Origin	IWW	-48
116	Destination	Road	-2
116	Destination	Rail	-2
116	Destination	IWW	50
117	Origin	Road	-4
117	Origin	Rail	-6
117	Origin	IWW	34
117	Destination	Road	-10
117	Destination	Rail	-6
117	Destination	IWW	-6
118	Origin	Road	-6
118	Origin	Rail	-6
118	Origin	IWW	2
118	Destination	Road	0
118	Destination	Rail	-4
118	Destination	IWW	0
119	Origin	Road	0
119	Origin	Rail	14
119	Origin	IWW	14
119	Destination	Road	0
119	Destination	Rail	0
119	Destination	IWW	6
120	Origin	Road	-14
120	Origin	Rail	-6
120	Origin	IWW	50
120	Destination	Road	-10
120	Destination	Rail	-8
120	Destination	IWW	50
121	Origin	Road	-26
121	Origin	Rail	-6
121	Origin	IWW	50
121	Destination	Road	-4
121	Destination	Rail	-2
121	Destination	IWW	-14
122	Origin	Road	-12
122	Origin	Rail	6
122	Origin	IWW	-50
122	Destination	Road	4
122	Destination	Rail	-2
122	Destination	IWW	-50
123	Origin	Road	-4
123	Origin	Rail	-4
123	Origin	IWW	38
123	Destination	Road	-2
123	Destination	Rail	-2
123	Destination	IWW	-10
124	Origin	Road	-20
124	Origin	Rail	-2
124	Origin	IWW	-50
124	Destination	Road	-4
124	Destination	Rail	0
124	Destination	IWW	-50
125	Origin	Road	-4
125	Origin	Rail	4
125	Origin	IWW	-50
125	Destination	Road	6
125	Destination	Rail	0
125	Destination	IWW	-50
126	Origin	Road	-34
126	Origin	Rail	-4
126	Origin	IWW	50
126	Destination	Road	12
126	Destination	Rail	0
126	Destination	IWW	-16
127	Origin	Road	-32
127	Origin	Rail	-20
127	Origin	IWW	50
127	Destination	Road	-14
127	Destination	Rail	-2
127	Destination	IWW	50
128	Origin	Road	-46
128	Origin	Rail	-18
128	Origin	IWW	50
128	Destination	Road	2
128	Destination	Rail	-4
128	Destination	IWW	50
129	Origin	Road	-46
129	Origin	Rail	-20
129	Origin	IWW	50
129	Destination	Road	-50
129	Destination	Rail	-26
129	Destination	IWW	50
130	Origin	Road	2
130	Origin	Rail	-8
130	Origin	IWW	18
130	Destination	Road	20
130	Destination	Rail	-2
130	Destination	IWW	10
131	Origin	Road	14
131	Origin	Rail	48
131	Origin	IWW	-50
131	Destination	Road	-50
131	Destination	Rail	30
131	Destination	IWW	-50
132	Origin	Road	-50
132	Origin	Rail	-50
132	Origin	IWW	-50
132	Destination	Road	-50
132	Destination	Rail	-50
132	Destination	IWW	-50
133	Origin	Road	-50
133	Origin	Rail	-50
133	Origin	IWW	-50
133	Destination	Road	-50
133	Destination	Rail	-50
133	Destination	IWW	-50
134	Origin	Road	-50
134	Origin	Rail	-50
134	Origin	IWW	-50
134	Destination	Road	-50
134	Destination	Rail	-50
134	Destination	IWW	-50
135	Origin	Road	-50
135	Origin	Rail	-50
135	Origin	IWW	-50
135	Destination	Road	-50
135	Destination	Rail	-50
135	Destination	IWW	-50
136	Origin	Road	-18
136	Origin	Rail	12
136	Origin	IWW	-50
136	Destination	Road	-48
136	Destination	Rail	24
136	Destination	IWW	-50
137	Origin	Road	-44
137	Origin	Rail	0
137	Origin	IWW	-50
137	Destination	Road	2
137	Destination	Rail	0
137	Destination	IWW	-50
138	Origin	Road	-4
138	Origin	Rail	0
138	Origin	IWW	-50
138	Destination	Road	16
138	Destination	Rail	-6
138	Destination	IWW	-50
139	Origin	Road	-26
139	Origin	Rail	0
139	Origin	IWW	-50
139	Destination	Road	40
139	Destination	Rail	48
139	Destination	IWW	-50
140	Origin	Road	-6
140	Origin	Rail	8
140	Origin	IWW	-50
140	Destination	Road	-50
140	Destination	Rail	22
140	Destination	IWW	-50
141	Origin	Road	24
141	Origin	Rail	44
141	Origin	IWW	-50
141	Destination	Road	-50
141	Destination	Rail	12
141	Destination	IWW	-50
142	Origin	Road	12
142	Origin	Rail	50
142	Origin	IWW	-50
142	Destination	Road	-50
142	Destination	Rail	34
142	Destination	IWW	-50
143	Origin	Road	8
143	Origin	Rail	8
143	Origin	IWW	-50
143	Destination	Road	-24
143	Destination	Rail	0
143	Destination	IWW	-50
144	Origin	Road	-50
144	Origin	Rail	50
144	Origin	IWW	-50
144	Destination	Road	-50
144	Destination	Rail	42
144	Destination	IWW	-50
145	Origin	Road	12
145	Origin	Rail	36
145	Origin	IWW	-50
145	Destination	Road	50
145	Destination	Rail	-14
145	Destination	IWW	-50
146	Origin	Road	18
146	Origin	Rail	24
146	Origin	IWW	-50
146	Destination	Road	-50
146	Destination	Rail	6
146	Destination	IWW	-50
147	Origin	Road	-50
147	Origin	Rail	-50
147	Origin	IWW	-50
147	Destination	Road	-50
147	Destination	Rail	-50
147	Destination	IWW	-50
148	Origin	Road	-50
148	Origin	Rail	-50
148	Origin	IWW	-50
148	Destination	Road	-50
148	Destination	Rail	-50
148	Destination	IWW	-50
149	Origin	Road	-50
149	Origin	Rail	-10
149	Origin	IWW	50
149	Destination	Road	-24
149	Destination	Rail	0
149	Destination	IWW	48
150	Origin	Road	-50
150	Origin	Rail	50
150	Origin	IWW	-50
150	Destination	Road	-50
150	Destination	Rail	50
150	Destination	IWW	-50
151	Origin	Road	-50
151	Origin	Rail	50
151	Origin	IWW	-50
151	Destination	Road	-50
151	Destination	Rail	28
151	Destination	IWW	-50
152	Origin	Road	-50
152	Origin	Rail	50
152	Origin	IWW	50
152	Destination	Road	-50
152	Destination	Rail	40
152	Destination	IWW	-14
153	Origin	Road	-24
153	Origin	Rail	0
153	Origin	IWW	-6
153	Destination	Road	-18
153	Destination	Rail	0
153	Destination	IWW	-48
154	Origin	Road	-18
154	Origin	Rail	-12
154	Origin	IWW	50
154	Destination	Road	4
154	Destination	Rail	-2
154	Destination	IWW	50
155	Origin	Road	-10
155	Origin	Rail	-8
155	Origin	IWW	50
155	Destination	Road	6
155	Destination	Rail	0
155	Destination	IWW	50
156	Origin	Road	-14
156	Origin	Rail	-12
156	Origin	IWW	-46
156	Destination	Road	-14
156	Destination	Rail	6
156	Destination	IWW	-10
157	Origin	Road	-18
157	Origin	Rail	-16
157	Origin	IWW	50
157	Destination	Road	4
157	Destination	Rail	-2
157	Destination	IWW	50
158	Origin	Road	-10
158	Origin	Rail	0
158	Origin	IWW	-50
158	Destination	Road	-18
158	Destination	Rail	0
158	Destination	IWW	-50
159	Origin	Road	-10
159	Origin	Rail	-28
159	Origin	IWW	50
159	Destination	Road	8
159	Destination	Rail	0
159	Destination	IWW	-8
160	Origin	Road	-20
160	Origin	Rail	-18
160	Origin	IWW	50
160	Destination	Road	-2
160	Destination	Rail	-14
160	Destination	IWW	-20
161	Origin	Road	-44
161	Origin	Rail	-18
161	Origin	IWW	12
161	Destination	Road	-4
161	Destination	Rail	2
161	Destination	IWW	50
162	Origin	Road	-50
162	Origin	Rail	-50
162	Origin	IWW	-50
162	Destination	Road	-50
162	Destination	Rail	-50
162	Destination	IWW	-50
163	Origin	Road	-28
163	Origin	Rail	-8
163	Origin	IWW	-50
163	Destination	Road	4
163	Destination	Rail	0
163	Destination	IWW	-50
164	Origin	Road	-50
164	Origin	Rail	48
164	Origin	IWW	50
164	Destination	Road	-38
164	Destination	Rail	-4
164	Destination	IWW	50
165	Origin	Road	-18
165	Origin	Rail	-12
165	Origin	IWW	50
165	Destination	Road	12
165	Destination	Rail	0
165	Destination	IWW	50
166	Origin	Road	-34
166	Origin	Rail	-18
166	Origin	IWW	20
166	Destination	Road	0
166	Destination	Rail	0
166	Destination	IWW	50
167	Origin	Road	-12
167	Origin	Rail	8
167	Origin	IWW	50
167	Destination	Road	24
167	Destination	Rail	32
167	Destination	IWW	20
168	Origin	Road	-8
168	Origin	Rail	-4
168	Origin	IWW	50
168	Destination	Road	4
168	Destination	Rail	0
168	Destination	IWW	-18
169	Origin	Road	-26
169	Origin	Rail	-12
169	Origin	IWW	30
169	Destination	Road	-4
169	Destination	Rail	-2
169	Destination	IWW	-20
170	Origin	Road	-18
170	Origin	Rail	-8
170	Origin	IWW	50
170	Destination	Road	4
170	Destination	Rail	0
170	Destination	IWW	-22
171	Origin	Road	-26
171	Origin	Rail	-14
171	Origin	IWW	20
171	Destination	Road	-2
171	Destination	Rail	0
171	Destination	IWW	-14
172	Origin	Road	-36
172	Origin	Rail	-18
172	Origin	IWW	50
172	Destination	Road	-2
172	Destination	Rail	-2
172	Destination	IWW	50
173	Origin	Road	-10
173	Origin	Rail	0
173	Origin	IWW	-50
173	Destination	Road	0
173	Destination	Rail	-2
173	Destination	IWW	-50
174	Origin	Road	-28
174	Origin	Rail	-16
174	Origin	IWW	20
174	Destination	Road	-10
174	Destination	Rail	-4
174	Destination	IWW	-12
175	Origin	Road	-34
175	Origin	Rail	-20
175	Origin	IWW	-50
175	Destination	Road	-2
175	Destination	Rail	-2
175	Destination	IWW	-50
176	Origin	Road	-46
176	Origin	Rail	-18
176	Origin	IWW	-50
176	Destination	Road	-10
176	Destination	Rail	-2
176	Destination	IWW	-50
177	Origin	Road	-14
177	Origin	Rail	-2
177	Origin	IWW	-50
177	Destination	Road	-24
177	Destination	Rail	-2
177	Destination	IWW	-50
178	Origin	Road	-46
178	Origin	Rail	-18
178	Origin	IWW	-50
178	Destination	Road	-10
178	Destination	Rail	-4
178	Destination	IWW	-50
179	Origin	Road	-6
179	Origin	Rail	0
179	Origin	IWW	-50
179	Destination	Road	4
179	Destination	Rail	0
179	Destination	IWW	-50
180	Origin	Road	-44
180	Origin	Rail	-24
180	Origin	IWW	-50
180	Destination	Road	-16
180	Destination	Rail	-6
180	Destination	IWW	-50
181	Origin	Road	-48
181	Origin	Rail	-16
181	Origin	IWW	-50
181	Destination	Road	-18
181	Destination	Rail	-2
181	Destination	IWW	-50
182	Origin	Road	-26
182	Origin	Rail	-20
182	Origin	IWW	-50
182	Destination	Road	8
182	Destination	Rail	0
182	Destination	IWW	-50
183	Origin	Road	-26
183	Origin	Rail	-12
183	Origin	IWW	-50
183	Destination	Road	8
183	Destination	Rail	0
183	Destination	IWW	-50
184	Origin	Road	-50
184	Origin	Rail	30
184	Origin	IWW	28
184	Destination	Road	-50
184	Destination	Rail	30
184	Destination	IWW	-10
185	Origin	Road	22
185	Origin	Rail	18
185	Origin	IWW	-50
185	Destination	Road	-4
185	Destination	Rail	4
185	Destination	IWW	-50
186	Origin	Road	-18
186	Origin	Rail	-6
186	Origin	IWW	50
186	Destination	Road	-16
186	Destination	Rail	-14
186	Destination	IWW	8
187	Origin	Road	6
187	Origin	Rail	4
187	Origin	IWW	-50
187	Destination	Road	-2
187	Destination	Rail	0
187	Destination	IWW	-50
188	Origin	Road	-50
188	Origin	Rail	-50
188	Origin	IWW	-50
188	Destination	Road	-50
188	Destination	Rail	-16
188	Destination	IWW	-50
189	Origin	Road	0
189	Origin	Rail	-4
189	Origin	IWW	-16
189	Destination	Road	0
189	Destination	Rail	16
189	Destination	IWW	-12
190	Origin	Road	2
190	Origin	Rail	-2
190	Origin	IWW	12
190	Destination	Road	-20
190	Destination	Rail	0
190	Destination	IWW	-4
191	Origin	Road	-48
191	Origin	Rail	-48
191	Origin	IWW	-14
191	Destination	Road	-20
191	Destination	Rail	-14
191	Destination	IWW	6
192	Origin	Road	-44
192	Origin	Rail	-20
192	Origin	IWW	-50
192	Destination	Road	10
192	Destination	Rail	18
192	Destination	IWW	-2
193	Origin	Road	-24
193	Origin	Rail	-16
193	Origin	IWW	-22
193	Destination	Road	-6
193	Destination	Rail	50
193	Destination	IWW	-2
194	Origin	Road	-38
194	Origin	Rail	24
194	Origin	IWW	-6
194	Destination	Road	4
194	Destination	Rail	26
194	Destination	IWW	2
195	Origin	Road	-34
195	Origin	Rail	-30
195	Origin	IWW	-30
195	Destination	Road	-6
195	Destination	Rail	6
195	Destination	IWW	-2
196	Origin	Road	-10
196	Origin	Rail	20
196	Origin	IWW	-10
196	Destination	Road	-2
196	Destination	Rail	50
196	Destination	IWW	0
197	Origin	Road	2
197	Origin	Rail	12
197	Origin	IWW	-4
197	Destination	Road	2
197	Destination	Rail	4
197	Destination	IWW	-2
198	Origin	Road	-4
198	Origin	Rail	14
198	Origin	IWW	-16
198	Destination	Road	4
198	Destination	Rail	12
198	Destination	IWW	0
199	Origin	Road	-18
199	Origin	Rail	-6
199	Origin	IWW	-16
199	Destination	Road	-8
199	Destination	Rail	10
199	Destination	IWW	-2
200	Origin	Road	0
200	Origin	Rail	-6
200	Origin	IWW	-8
200	Destination	Road	-2
200	Destination	Rail	6
200	Destination	IWW	-2
201	Origin	Road	6
201	Origin	Rail	-2
201	Origin	IWW	-50
201	Destination	Road	6
201	Destination	Rail	0
201	Destination	IWW	-50
202	Origin	Road	-24
202	Origin	Rail	40
202	Origin	IWW	-50
202	Destination	Road	-40
202	Destination	Rail	46
202	Destination	IWW	-50
203	Origin	Road	-50
203	Origin	Rail	44
203	Origin	IWW	-50
203	Destination	Road	-50
203	Destination	Rail	50
203	Destination	IWW	-50
204	Origin	Road	8
204	Origin	Rail	2
204	Origin	IWW	-50
204	Destination	Road	4
204	Destination	Rail	0
204	Destination	IWW	-50
205	Origin	Road	50
205	Origin	Rail	32
205	Origin	IWW	-50
205	Destination	Road	10
205	Destination	Rail	0
205	Destination	IWW	-50
206	Origin	Road	24
206	Origin	Rail	12
206	Origin	IWW	-50
206	Destination	Road	22
206	Destination	Rail	4
206	Destination	IWW	-50
207	Origin	Road	16
207	Origin	Rail	2
207	Origin	IWW	-50
207	Destination	Road	20
207	Destination	Rail	0
207	Destination	IWW	-50
208	Origin	Road	-24
208	Origin	Rail	-12
208	Origin	IWW	50
208	Destination	Road	2
208	Destination	Rail	0
208	Destination	IWW	50
209	Origin	Road	-16
209	Origin	Rail	-4
209	Origin	IWW	-50
209	Destination	Road	-2
209	Destination	Rail	-2
209	Destination	IWW	-50
210	Origin	Road	-16
210	Origin	Rail	-10
210	Origin	IWW	38
210	Destination	Road	-6
210	Destination	Rail	0
210	Destination	IWW	50
211	Origin	Road	-2
211	Origin	Rail	-2
211	Origin	IWW	44
211	Destination	Road	0
211	Destination	Rail	2
211	Destination	IWW	50
212	Origin	Road	6
212	Origin	Rail	2
212	Origin	IWW	-50
212	Destination	Road	2
212	Destination	Rail	0
212	Destination	IWW	-50
213	Origin	Road	-30
213	Origin	Rail	-18
213	Origin	IWW	-50
213	Destination	Road	2
213	Destination	Rail	0
213	Destination	IWW	-50
214	Origin	Road	-2
214	Origin	Rail	0
214	Origin	IWW	-50
214	Destination	Road	-4
214	Destination	Rail	0
214	Destination	IWW	-50
215	Origin	Road	-10
215	Origin	Rail	0
215	Origin	IWW	-50
215	Destination	Road	-14
215	Destination	Rail	0
215	Destination	IWW	-50
216	Origin	Road	-36
216	Origin	Rail	-20
216	Origin	IWW	20
216	Destination	Road	0
216	Destination	Rail	0
216	Destination	IWW	50
217	Origin	Road	-28
217	Origin	Rail	-24
217	Origin	IWW	-2
217	Destination	Road	12
217	Destination	Rail	-2
217	Destination	IWW	26
218	Origin	Road	-38
218	Origin	Rail	-26
218	Origin	IWW	50
218	Destination	Road	0
218	Destination	Rail	-2
218	Destination	IWW	2
219	Origin	Road	-2
219	Origin	Rail	-2
219	Origin	IWW	34
219	Destination	Road	-2
219	Destination	Rail	0
219	Destination	IWW	50
220	Origin	Road	-14
220	Origin	Rail	-20
220	Origin	IWW	30
220	Destination	Road	10
220	Destination	Rail	0
220	Destination	IWW	50
221	Origin	Road	-34
221	Origin	Rail	-20
221	Origin	IWW	50
221	Destination	Road	4
221	Destination	Rail	0
221	Destination	IWW	50
222	Origin	Road	-28
222	Origin	Rail	-4
222	Origin	IWW	-50
222	Destination	Road	-2
222	Destination	Rail	-2
222	Destination	IWW	-50
223	Origin	Road	-22
223	Origin	Rail	-14
223	Origin	IWW	30
223	Destination	Road	12
223	Destination	Rail	0
223	Destination	IWW	50
224	Origin	Road	-34
224	Origin	Rail	-24
224	Origin	IWW	-30
224	Destination	Road	4
224	Destination	Rail	0
224	Destination	IWW	50
225	Origin	Road	-48
225	Origin	Rail	24
225	Origin	IWW	-38
225	Destination	Road	-20
225	Destination	Rail	-2
225	Destination	IWW	50
226	Origin	Road	-20
226	Origin	Rail	-12
226	Origin	IWW	50
226	Destination	Road	-16
226	Destination	Rail	-2
226	Destination	IWW	46
227	Origin	Road	-6
227	Origin	Rail	-2
227	Origin	IWW	50
227	Destination	Road	0
227	Destination	Rail	0
227	Destination	IWW	50
228	Origin	Road	-10
228	Origin	Rail	-10
228	Origin	IWW	50
228	Destination	Road	0
228	Destination	Rail	0
228	Destination	IWW	50
229	Origin	Road	-50
229	Origin	Rail	-50
229	Origin	IWW	-50
229	Destination	Road	-50
229	Destination	Rail	-50
229	Destination	IWW	-50
230	Origin	Road	-50
230	Origin	Rail	-50
230	Origin	IWW	-50
230	Destination	Road	-50
230	Destination	Rail	-50
230	Destination	IWW	-50
231	Origin	Road	-10
231	Origin	Rail	0
231	Origin	IWW	-50
231	Destination	Road	-4
231	Destination	Rail	0
231	Destination	IWW	-50
232	Origin	Road	-4
232	Origin	Rail	0
232	Origin	IWW	-50
232	Destination	Road	2
232	Destination	Rail	2
232	Destination	IWW	-50
233	Origin	Road	8
233	Origin	Rail	2
233	Origin	IWW	-50
233	Destination	Road	12
233	Destination	Rail	0
233	Destination	IWW	-50
234	Origin	Road	-2
234	Origin	Rail	-10
234	Origin	IWW	8
234	Destination	Road	20
234	Destination	Rail	2
234	Destination	IWW	-18
235	Origin	Road	-8
235	Origin	Rail	-4
235	Origin	IWW	50
235	Destination	Road	2
235	Destination	Rail	-2
235	Destination	IWW	-32
236	Origin	Road	-50
236	Origin	Rail	-28
236	Origin	IWW	46
236	Destination	Road	-6
236	Destination	Rail	0
236	Destination	IWW	50
237	Origin	Road	-18
237	Origin	Rail	-22
237	Origin	IWW	16
237	Destination	Road	-2
237	Destination	Rail	0
237	Destination	IWW	0
238	Origin	Road	-22
238	Origin	Rail	-24
238	Origin	IWW	50
238	Destination	Road	2
238	Destination	Rail	0
238	Destination	IWW	50
239	Origin	Road	-8
239	Origin	Rail	2
239	Origin	IWW	-50
239	Destination	Road	2
239	Destination	Rail	0
239	Destination	IWW	-50
240	Origin	Road	-4
240	Origin	Rail	2
240	Origin	IWW	-50
240	Destination	Road	4
240	Destination	Rail	0
240	Destination	IWW	-50
241	Origin	Road	-14
241	Origin	Rail	2
241	Origin	IWW	-50
241	Destination	Road	2
241	Destination	Rail	0
241	Destination	IWW	-50
242	Origin	Road	-12
242	Origin	Rail	2
242	Origin	IWW	-50
242	Destination	Road	-2
242	Destination	Rail	0
242	Destination	IWW	-50
243	Origin	Road	2
243	Origin	Rail	2
243	Origin	IWW	-50
243	Destination	Road	10
243	Destination	Rail	-2
243	Destination	IWW	-50
244	Origin	Road	-50
244	Origin	Rail	-50
244	Origin	IWW	-50
244	Destination	Road	-50
244	Destination	Rail	-50
244	Destination	IWW	-50
245	Origin	Road	-2
245	Origin	Rail	2
245	Origin	IWW	-50
245	Destination	Road	4
245	Destination	Rail	0
245	Destination	IWW	-50
246	Origin	Road	2
246	Origin	Rail	8
246	Origin	IWW	-50
246	Destination	Road	4
246	Destination	Rail	0
246	Destination	IWW	-50
247	Origin	Road	4
247	Origin	Rail	-2
247	Origin	IWW	-50
247	Destination	Road	8
247	Destination	Rail	0
247	Destination	IWW	-50
248	Origin	Road	-6
248	Origin	Rail	0
248	Origin	IWW	-16
248	Destination	Road	0
248	Destination	Rail	2
248	Destination	IWW	-20
249	Origin	Road	-10
249	Origin	Rail	-2
249	Origin	IWW	48
249	Destination	Road	-6
249	Destination	Rail	-2
249	Destination	IWW	22
250	Origin	Road	-6
250	Origin	Rail	-4
250	Origin	IWW	50
250	Destination	Road	0
250	Destination	Rail	0
250	Destination	IWW	50
251	Origin	Road	4
251	Origin	Rail	2
251	Origin	IWW	-50
251	Destination	Road	10
251	Destination	Rail	0
251	Destination	IWW	-50
252	Origin	Road	-50
252	Origin	Rail	28
252	Origin	IWW	-50
252	Destination	Road	-50
252	Destination	Rail	34
252	Destination	IWW	-50
253	Origin	Road	-50
253	Origin	Rail	18
253	Origin	IWW	-50
253	Destination	Road	-50
253	Destination	Rail	4
253	Destination	IWW	-50
254	Origin	Road	-50
254	Origin	Rail	12
254	Origin	IWW	-50
254	Destination	Road	-50
254	Destination	Rail	24
254	Destination	IWW	-50
255	Origin	Road	-50
255	Origin	Rail	18
255	Origin	IWW	-50
255	Destination	Road	-50
255	Destination	Rail	40
255	Destination	IWW	-50
256	Origin	Road	-50
256	Origin	Rail	-50
256	Origin	IWW	-50
256	Destination	Road	-50
256	Destination	Rail	-50
256	Destination	IWW	-50
257	Origin	Road	-50
257	Origin	Rail	20
257	Origin	IWW	-50
257	Destination	Road	-50
257	Destination	Rail	34
257	Destination	IWW	-50
258	Origin	Road	-50
258	Origin	Rail	28
258	Origin	IWW	-50
258	Destination	Road	-50
258	Destination	Rail	36
258	Destination	IWW	-50
259	Origin	Road	-50
259	Origin	Rail	28
259	Origin	IWW	-50
259	Destination	Road	-50
259	Destination	Rail	32
259	Destination	IWW	-50
260	Origin	Road	-50
260	Origin	Rail	24
260	Origin	IWW	-50
260	Destination	Road	-50
260	Destination	Rail	48
260	Destination	IWW	-50
261	Origin	Road	-50
261	Origin	Rail	-50
261	Origin	IWW	-50
261	Destination	Road	-50
261	Destination	Rail	-50
261	Destination	IWW	-50
262	Origin	Road	-50
262	Origin	Rail	-50
262	Origin	IWW	-50
262	Destination	Road	-50
262	Destination	Rail	-50
262	Destination	IWW	-50
263	Origin	Road	-50
263	Origin	Rail	6
263	Origin	IWW	-50
263	Destination	Road	-50
263	Destination	Rail	42
263	Destination	IWW	-50
264	Origin	Road	-50
264	Origin	Rail	-50
264	Origin	IWW	-50
264	Destination	Road	-50
264	Destination	Rail	-50
264	Destination	IWW	-50
265	Origin	Road	-50
265	Origin	Rail	2
265	Origin	IWW	-50
265	Destination	Road	-50
265	Destination	Rail	22
265	Destination	IWW	-50
266	Origin	Road	-50
266	Origin	Rail	16
266	Origin	IWW	-50
266	Destination	Road	-50
266	Destination	Rail	36
266	Destination	IWW	-50
267	Origin	Road	-50
267	Origin	Rail	-50
267	Origin	IWW	-50
267	Destination	Road	-50
267	Destination	Rail	-50
267	Destination	IWW	-50
268	Origin	Road	-50
268	Origin	Rail	-50
268	Origin	IWW	-50
268	Destination	Road	-50
268	Destination	Rail	-50
268	Destination	IWW	-50
269	Origin	Road	-50
269	Origin	Rail	-14
269	Origin	IWW	-50
269	Destination	Road	-50
269	Destination	Rail	10
269	Destination	IWW	-50
270	Origin	Road	-50
270	Origin	Rail	-50
270	Origin	IWW	-50
270	Destination	Road	-50
270	Destination	Rail	-50
270	Destination	IWW	-50
271	Origin	Road	-50
271	Origin	Rail	2
271	Origin	IWW	-50
271	Destination	Road	-50
271	Destination	Rail	16
271	Destination	IWW	-50
272	Origin	Road	-50
272	Origin	Rail	-50
272	Origin	IWW	-50
272	Destination	Road	-50
272	Destination	Rail	-50
272	Destination	IWW	-50
273	Origin	Road	-50
273	Origin	Rail	-50
273	Origin	IWW	-50
273	Destination	Road	-50
273	Destination	Rail	-50
273	Destination	IWW	-50
274	Origin	Road	-50
274	Origin	Rail	-50
274	Origin	IWW	-50
274	Destination	Road	-50
274	Destination	Rail	-50
274	Destination	IWW	-50
275	Origin	Road	-50
275	Origin	Rail	-50
275	Origin	IWW	-50
275	Destination	Road	-50
275	Destination	Rail	-50
275	Destination	IWW	-50
276	Origin	Road	-50
276	Origin	Rail	-50
276	Origin	IWW	-50
276	Destination	Road	-50
276	Destination	Rail	-50
276	Destination	IWW	-50
277	Origin	Road	-50
277	Origin	Rail	18
277	Origin	IWW	-50
277	Destination	Road	-50
277	Destination	Rail	30
277	Destination	IWW	-50
278	Origin	Road	-14
278	Origin	Rail	-10
278	Origin	IWW	50
278	Destination	Road	-2
278	Destination	Rail	0
278	Destination	IWW	-14
279	Origin	Road	-28
279	Origin	Rail	-18
279	Origin	IWW	18
279	Destination	Road	-12
279	Destination	Rail	4
279	Destination	IWW	12
280	Origin	Road	-12
280	Origin	Rail	-4
280	Origin	IWW	-2
280	Destination	Road	12
280	Destination	Rail	0
280	Destination	IWW	-4
281	Origin	Road	-24
281	Origin	Rail	-10
281	Origin	IWW	50
281	Destination	Road	4
281	Destination	Rail	0
281	Destination	IWW	50
282	Origin	Road	-36
282	Origin	Rail	-18
282	Origin	IWW	-4
282	Destination	Road	4
282	Destination	Rail	0
282	Destination	IWW	-50
283	Origin	Road	-36
283	Origin	Rail	22
283	Origin	IWW	50
283	Destination	Road	-16
283	Destination	Rail	0
283	Destination	IWW	28
284	Origin	Road	-34
284	Origin	Rail	-16
284	Origin	IWW	18
284	Destination	Road	-4
284	Destination	Rail	6
284	Destination	IWW	20
285	Origin	Road	0
285	Origin	Rail	-6
285	Origin	IWW	26
285	Destination	Road	-6
285	Destination	Rail	-2
285	Destination	IWW	50
286	Origin	Road	-20
286	Origin	Rail	-8
286	Origin	IWW	50
286	Destination	Road	6
286	Destination	Rail	0
286	Destination	IWW	50
287	Origin	Road	-12
287	Origin	Rail	-2
287	Origin	IWW	24
287	Destination	Road	-6
287	Destination	Rail	0
287	Destination	IWW	50
288	Origin	Road	-12
288	Origin	Rail	-2
288	Origin	IWW	26
288	Destination	Road	2
288	Destination	Rail	0
288	Destination	IWW	4
289	Origin	Road	-10
289	Origin	Rail	-2
289	Origin	IWW	50
289	Destination	Road	4
289	Destination	Rail	0
289	Destination	IWW	-12
290	Origin	Road	-12
290	Origin	Rail	0
290	Origin	IWW	30
290	Destination	Road	-10
290	Destination	Rail	0
290	Destination	IWW	-18
291	Origin	Road	-42
291	Origin	Rail	-18
291	Origin	IWW	22
291	Destination	Road	-42
291	Destination	Rail	-2
291	Destination	IWW	26
292	Origin	Road	-38
292	Origin	Rail	-16
292	Origin	IWW	50
292	Destination	Road	-2
292	Destination	Rail	0
292	Destination	IWW	0
293	Origin	Road	-42
293	Origin	Rail	2
293	Origin	IWW	40
293	Destination	Road	4
293	Destination	Rail	0
293	Destination	IWW	2
294	Origin	Road	-24
294	Origin	Rail	-10
294	Origin	IWW	50
294	Destination	Road	-10
294	Destination	Rail	0
294	Destination	IWW	20
295	Origin	Road	-14
295	Origin	Rail	0
295	Origin	IWW	-50
295	Destination	Road	-22
295	Destination	Rail	2
295	Destination	IWW	-50
296	Origin	Road	-40
296	Origin	Rail	-2
296	Origin	IWW	50
296	Destination	Road	-2
296	Destination	Rail	0
296	Destination	IWW	50
297	Origin	Road	-42
297	Origin	Rail	-22
297	Origin	IWW	50
297	Destination	Road	-4
297	Destination	Rail	-2
297	Destination	IWW	50
298	Origin	Road	-32
298	Origin	Rail	-12
298	Origin	IWW	10
298	Destination	Road	-8
298	Destination	Rail	0
298	Destination	IWW	50
299	Origin	Road	-6
299	Origin	Rail	0
299	Origin	IWW	50
299	Destination	Road	4
299	Destination	Rail	0
299	Destination	IWW	50
300	Origin	Road	-18
300	Origin	Rail	-10
300	Origin	IWW	10
300	Destination	Road	6
300	Destination	Rail	0
300	Destination	IWW	8
301	Origin	Road	-34
301	Origin	Rail	12
301	Origin	IWW	50
301	Destination	Road	0
301	Destination	Rail	0
301	Destination	IWW	2
302	Origin	Road	-26
302	Origin	Rail	-16
302	Origin	IWW	-6
302	Destination	Road	-4
302	Destination	Rail	-2
302	Destination	IWW	2
303	Origin	Road	-28
303	Origin	Rail	-18
303	Origin	IWW	0
303	Destination	Road	0
303	Destination	Rail	0
303	Destination	IWW	40
304	Origin	Road	-28
304	Origin	Rail	-16
304	Origin	IWW	50
304	Destination	Road	-4
304	Destination	Rail	0
304	Destination	IWW	50
305	Origin	Road	-10
305	Origin	Rail	-10
305	Origin	IWW	6
305	Destination	Road	-18
305	Destination	Rail	0
305	Destination	IWW	14
306	Origin	Road	-14
306	Origin	Rail	0
306	Origin	IWW	-50
306	Destination	Road	2
306	Destination	Rail	2
306	Destination	IWW	-50
307	Origin	Road	-36
307	Origin	Rail	-24
307	Origin	IWW	4
307	Destination	Road	-18
307	Destination	Rail	0
307	Destination	IWW	14
308	Origin	Road	-20
308	Origin	Rail	-16
308	Origin	IWW	50
308	Destination	Road	-8
308	Destination	Rail	2
308	Destination	IWW	-2
309	Origin	Road	-26
309	Origin	Rail	-18
309	Origin	IWW	50
309	Destination	Road	6
309	Destination	Rail	0
309	Destination	IWW	-12
310	Origin	Road	-30
310	Origin	Rail	-8
310	Origin	IWW	-50
310	Destination	Road	-16
310	Destination	Rail	0
310	Destination	IWW	-50
311	Origin	Road	-8
311	Origin	Rail	-2
311	Origin	IWW	-50
311	Destination	Road	0
311	Destination	Rail	0
311	Destination	IWW	-50
312	Origin	Road	-6
312	Origin	Rail	-2
312	Origin	IWW	-50
312	Destination	Road	-18
312	Destination	Rail	-2
312	Destination	IWW	-50
313	Origin	Road	-50
313	Origin	Rail	12
313	Origin	IWW	-50
313	Destination	Road	-4
313	Destination	Rail	0
313	Destination	IWW	-50
314	Origin	Road	-50
314	Origin	Rail	-50
314	Origin	IWW	-50
314	Destination	Road	-50
314	Destination	Rail	-50
314	Destination	IWW	-50
315	Origin	Road	-50
315	Origin	Rail	-50
315	Origin	IWW	-50
315	Destination	Road	-50
315	Destination	Rail	-50
315	Destination	IWW	-50
316	Origin	Road	-50
316	Origin	Rail	-50
316	Origin	IWW	-50
316	Destination	Road	-50
316	Destination	Rail	-50
316	Destination	IWW	-50
317	Origin	Road	-50
317	Origin	Rail	-50
317	Origin	IWW	-50
317	Destination	Road	-50
317	Destination	Rail	-50
317	Destination	IWW	-50
318	Origin	Road	50
318	Origin	Rail	2
318	Origin	IWW	-50
318	Destination	Road	40
318	Destination	Rail	0
318	Destination	IWW	-50
319	Origin	Road	-50
319	Origin	Rail	50
319	Origin	IWW	-50
319	Destination	Road	-50
319	Destination	Rail	50
319	Destination	IWW	-50
320	Origin	Road	-50
320	Origin	Rail	50
320	Origin	IWW	-50
320	Destination	Road	-50
320	Destination	Rail	50
320	Destination	IWW	-50
321	Origin	Road	-50
321	Origin	Rail	50
321	Origin	IWW	50
321	Destination	Road	-50
321	Destination	Rail	50
321	Destination	IWW	50
322	Origin	Road	-50
322	Origin	Rail	50
322	Origin	IWW	-50
322	Destination	Road	-50
322	Destination	Rail	50
322	Destination	IWW	-50
323	Origin	Road	-50
323	Origin	Rail	50
323	Origin	IWW	-50
323	Destination	Road	-50
323	Destination	Rail	50
323	Destination	IWW	-50
324	Origin	Road	-38
324	Origin	Rail	50
324	Origin	IWW	26
324	Destination	Road	-38
324	Destination	Rail	50
324	Destination	IWW	50
325	Origin	Road	-34
325	Origin	Rail	50
325	Origin	IWW	28
325	Destination	Road	-38
325	Destination	Rail	50
325	Destination	IWW	50
326	Origin	Road	-50
326	Origin	Rail	50
326	Origin	IWW	50
326	Destination	Road	-50
326	Destination	Rail	50
326	Destination	IWW	50
327	Origin	Road	-50
327	Origin	Rail	50
327	Origin	IWW	50
327	Destination	Road	-50
327	Destination	Rail	50
327	Destination	IWW	50
328	Origin	Road	-50
328	Origin	Rail	46
328	Origin	IWW	50
328	Destination	Road	-50
328	Destination	Rail	46
328	Destination	IWW	50
329	Origin	Road	-50
329	Origin	Rail	48
329	Origin	IWW	-50
329	Destination	Road	-50
329	Destination	Rail	50
329	Destination	IWW	-50
330	Origin	Road	-34
330	Origin	Rail	50
330	Origin	IWW	24
330	Destination	Road	-26
330	Destination	Rail	50
330	Destination	IWW	50
331	Origin	Road	-50
331	Origin	Rail	50
331	Origin	IWW	-50
331	Destination	Road	-50
331	Destination	Rail	50
331	Destination	IWW	-50
332	Origin	Road	-50
332	Origin	Rail	44
332	Origin	IWW	-50
332	Destination	Road	-50
332	Destination	Rail	48
332	Destination	IWW	-50
333	Origin	Road	-50
333	Origin	Rail	50
333	Origin	IWW	-50
333	Destination	Road	-50
333	Destination	Rail	50
333	Destination	IWW	-50
334	Origin	Road	-50
334	Origin	Rail	50
334	Origin	IWW	50
334	Destination	Road	-50
334	Destination	Rail	50
334	Destination	IWW	50
335	Origin	Road	-50
335	Origin	Rail	-50
335	Origin	IWW	-50
335	Destination	Road	-50
335	Destination	Rail	36
335	Destination	IWW	-8
336	Origin	Road	-50
336	Origin	Rail	-50
336	Origin	IWW	-50
336	Destination	Road	-50
336	Destination	Rail	-50
336	Destination	IWW	-50
337	Origin	Road	-50
337	Origin	Rail	-50
337	Origin	IWW	-50
337	Destination	Road	-50
337	Destination	Rail	-50
337	Destination	IWW	-50
338	Origin	Road	-50
338	Origin	Rail	-50
338	Origin	IWW	-50
338	Destination	Road	-50
338	Destination	Rail	-50
338	Destination	IWW	-50
339	Origin	Road	-50
339	Origin	Rail	-50
339	Origin	IWW	-50
339	Destination	Road	-50
339	Destination	Rail	-50
339	Destination	IWW	-50
340	Origin	Road	-50
340	Origin	Rail	4
340	Origin	IWW	-50
340	Destination	Road	-50
340	Destination	Rail	18
340	Destination	IWW	-50
341	Origin	Road	-50
341	Origin	Rail	-18
341	Origin	IWW	-50
341	Destination	Road	-50
341	Destination	Rail	-50
341	Destination	IWW	-50
342	Origin	Road	-50
342	Origin	Rail	50
342	Origin	IWW	-50
342	Destination	Road	-50
342	Destination	Rail	50
342	Destination	IWW	-50
343	Origin	Road	-50
343	Origin	Rail	50
343	Origin	IWW	-50
343	Destination	Road	-50
343	Destination	Rail	50
343	Destination	IWW	-50
344	Origin	Road	-50
344	Origin	Rail	50
344	Origin	IWW	-50
344	Destination	Road	-50
344	Destination	Rail	50
344	Destination	IWW	-50
345	Origin	Road	-50
345	Origin	Rail	50
345	Origin	IWW	-50
345	Destination	Road	-50
345	Destination	Rail	50
345	Destination	IWW	-50
346	Origin	Road	-50
346	Origin	Rail	50
346	Origin	IWW	-50
346	Destination	Road	-50
346	Destination	Rail	24
346	Destination	IWW	-50
347	Origin	Road	-50
347	Origin	Rail	-50
347	Origin	IWW	-50
347	Destination	Road	-50
347	Destination	Rail	-50
347	Destination	IWW	-50
348	Origin	Road	-50
348	Origin	Rail	50
348	Origin	IWW	-50
348	Destination	Road	-50
348	Destination	Rail	48
348	Destination	IWW	-50
349	Origin	Road	-50
349	Origin	Rail	50
349	Origin	IWW	-50
349	Destination	Road	-50
349	Destination	Rail	48
349	Destination	IWW	-50
350	Origin	Road	-50
350	Origin	Rail	50
350	Origin	IWW	-50
350	Destination	Road	-50
350	Destination	Rail	50
350	Destination	IWW	-50
351	Origin	Road	-50
351	Origin	Rail	50
351	Origin	IWW	-50
351	Destination	Road	-50
351	Destination	Rail	50
351	Destination	IWW	-50
352	Origin	Road	-50
352	Origin	Rail	50
352	Origin	IWW	-50
352	Destination	Road	-50
352	Destination	Rail	50
352	Destination	IWW	-50
353	Origin	Road	-50
353	Origin	Rail	-50
353	Origin	IWW	-50
353	Destination	Road	-50
353	Destination	Rail	-50
353	Destination	IWW	-50
354	Origin	Road	-50
354	Origin	Rail	-50
354	Origin	IWW	-50
354	Destination	Road	-50
354	Destination	Rail	-50
354	Destination	IWW	-50
355	Origin	Road	-50
355	Origin	Rail	26
355	Origin	IWW	46
355	Destination	Road	-50
355	Destination	Rail	24
355	Destination	IWW	-10
356	Origin	Road	6
356	Origin	Rail	50
356	Origin	IWW	-50
356	Destination	Road	32
356	Destination	Rail	28
356	Destination	IWW	-48
357	Origin	Road	-18
357	Origin	Rail	50
357	Origin	IWW	-46
357	Destination	Road	-50
357	Destination	Rail	50
357	Destination	IWW	50
358	Origin	Road	22
358	Origin	Rail	50
358	Origin	IWW	-50
358	Destination	Road	18
358	Destination	Rail	50
358	Destination	IWW	-50
359	Origin	Road	-50
359	Origin	Rail	30
359	Origin	IWW	48
359	Destination	Road	-50
359	Destination	Rail	50
359	Destination	IWW	50
360	Origin	Road	20
360	Origin	Rail	50
360	Origin	IWW	-50
360	Destination	Road	50
360	Destination	Rail	50
360	Destination	IWW	-50
361	Origin	Road	-24
361	Origin	Rail	50
361	Origin	IWW	-50
361	Destination	Road	30
361	Destination	Rail	50
361	Destination	IWW	-50
362	Origin	Road	-36
362	Origin	Rail	50
362	Origin	IWW	-30
362	Destination	Road	-50
362	Destination	Rail	50
362	Destination	IWW	46
363	Origin	Road	-50
363	Origin	Rail	18
363	Origin	IWW	44
363	Destination	Road	-50
363	Destination	Rail	50
363	Destination	IWW	50
364	Origin	Road	-50
364	Origin	Rail	22
364	Origin	IWW	-50
364	Destination	Road	-50
364	Destination	Rail	50
364	Destination	IWW	-50
365	Origin	Road	-50
365	Origin	Rail	38
365	Origin	IWW	-50
365	Destination	Road	-50
365	Destination	Rail	50
365	Destination	IWW	-50
366	Origin	Road	0
366	Origin	Rail	50
366	Origin	IWW	0
366	Destination	Road	-18
366	Destination	Rail	50
366	Destination	IWW	-26
367	Origin	Road	-50
367	Origin	Rail	36
367	Origin	IWW	46
367	Destination	Road	-50
367	Destination	Rail	50
367	Destination	IWW	50
368	Origin	Road	-50
368	Origin	Rail	26
368	Origin	IWW	50
368	Destination	Road	-26
368	Destination	Rail	50
368	Destination	IWW	-26
369	Origin	Road	-50
369	Origin	Rail	32
369	Origin	IWW	50
369	Destination	Road	-50
369	Destination	Rail	50
369	Destination	IWW	50
370	Origin	Road	-50
370	Origin	Rail	18
370	Origin	IWW	-50
370	Destination	Road	-50
370	Destination	Rail	50
370	Destination	IWW	-50
371	Origin	Road	-50
371	Origin	Rail	30
371	Origin	IWW	48
371	Destination	Road	-50
371	Destination	Rail	50
371	Destination	IWW	48
372	Origin	Road	26
372	Origin	Rail	50
372	Origin	IWW	-50
372	Destination	Road	40
372	Destination	Rail	50
372	Destination	IWW	-50
373	Origin	Road	18
373	Origin	Rail	50
373	Origin	IWW	-28
373	Destination	Road	-8
373	Destination	Rail	34
373	Destination	IWW	-44
374	Origin	Road	-50
374	Origin	Rail	24
374	Origin	IWW	-50
374	Destination	Road	-50
374	Destination	Rail	50
374	Destination	IWW	-50
375	Origin	Road	-10
375	Origin	Rail	50
375	Origin	IWW	46
375	Destination	Road	-22
375	Destination	Rail	50
375	Destination	IWW	-20
376	Origin	Road	-50
376	Origin	Rail	38
376	Origin	IWW	50
376	Destination	Road	-26
376	Destination	Rail	50
376	Destination	IWW	-20
377	Origin	Road	14
377	Origin	Rail	50
377	Origin	IWW	-48
377	Destination	Road	50
377	Destination	Rail	42
377	Destination	IWW	-32
378	Origin	Road	-36
378	Origin	Rail	50
378	Origin	IWW	-36
378	Destination	Road	-50
378	Destination	Rail	50
378	Destination	IWW	42
379	Origin	Road	10
379	Origin	Rail	50
379	Origin	IWW	10
379	Destination	Road	-34
379	Destination	Rail	50
379	Destination	IWW	-24
380	Origin	Road	20
380	Origin	Rail	50
380	Origin	IWW	-10
380	Destination	Road	-6
380	Destination	Rail	44
380	Destination	IWW	-40
381	Origin	Road	-16
381	Origin	Rail	50
381	Origin	IWW	38
381	Destination	Road	-30
381	Destination	Rail	50
381	Destination	IWW	-28
382	Origin	Road	-44
382	Origin	Rail	26
382	Origin	IWW	26
382	Destination	Road	-50
382	Destination	Rail	50
382	Destination	IWW	48
383	Origin	Road	-50
383	Origin	Rail	22
383	Origin	IWW	42
383	Destination	Road	-26
383	Destination	Rail	50
383	Destination	IWW	-36
384	Origin	Road	2
384	Origin	Rail	50
384	Origin	IWW	-26
384	Destination	Road	-8
384	Destination	Rail	50
384	Destination	IWW	-22
385	Origin	Road	-40
385	Origin	Rail	50
385	Origin	IWW	-22
385	Destination	Road	-22
385	Destination	Rail	50
385	Destination	IWW	-32
386	Origin	Road	-50
386	Origin	Rail	14
386	Origin	IWW	-50
386	Destination	Road	-50
386	Destination	Rail	24
386	Destination	IWW	-50
387	Origin	Road	-50
387	Origin	Rail	22
387	Origin	IWW	-50
387	Destination	Road	-50
387	Destination	Rail	28
387	Destination	IWW	-50
388	Origin	Road	-50
388	Origin	Rail	-6
388	Origin	IWW	-50
388	Destination	Road	-50
388	Destination	Rail	2
388	Destination	IWW	-50
389	Origin	Road	-50
389	Origin	Rail	18
389	Origin	IWW	-2
389	Destination	Road	-50
389	Destination	Rail	20
389	Destination	IWW	-8
390	Origin	Road	-50
390	Origin	Rail	22
390	Origin	IWW	-50
390	Destination	Road	-50
390	Destination	Rail	26
390	Destination	IWW	-50
391	Origin	Road	-50
391	Origin	Rail	18
391	Origin	IWW	-50
391	Destination	Road	-50
391	Destination	Rail	30
391	Destination	IWW	-50
392	Origin	Road	-50
392	Origin	Rail	16
392	Origin	IWW	-50
392	Destination	Road	-50
392	Destination	Rail	24
392	Destination	IWW	-50
393	Origin	Road	-50
393	Origin	Rail	18
393	Origin	IWW	-50
393	Destination	Road	-50
393	Destination	Rail	28
393	Destination	IWW	-50
394	Origin	Road	-50
394	Origin	Rail	18
394	Origin	IWW	-50
394	Destination	Road	-50
394	Destination	Rail	22
394	Destination	IWW	-50
395	Origin	Road	-50
395	Origin	Rail	24
395	Origin	IWW	-50
395	Destination	Road	-50
395	Destination	Rail	32
395	Destination	IWW	-50
396	Origin	Road	-50
396	Origin	Rail	18
396	Origin	IWW	-50
396	Destination	Road	-50
396	Destination	Rail	24
396	Destination	IWW	-50
397	Origin	Road	-50
397	Origin	Rail	20
397	Origin	IWW	-50
397	Destination	Road	-50
397	Destination	Rail	24
397	Destination	IWW	-50
398	Origin	Road	-50
398	Origin	Rail	-4
398	Origin	IWW	-50
398	Destination	Road	-50
398	Destination	Rail	4
398	Destination	IWW	-50
399	Origin	Road	-50
399	Origin	Rail	12
399	Origin	IWW	-6
399	Destination	Road	-50
399	Destination	Rail	20
399	Destination	IWW	-10
400	Origin	Road	-50
400	Origin	Rail	16
400	Origin	IWW	-50
400	Destination	Road	-50
400	Destination	Rail	22
400	Destination	IWW	-50
401	Origin	Road	-50
401	Origin	Rail	-6
401	Origin	IWW	-50
401	Destination	Road	-50
401	Destination	Rail	2
401	Destination	IWW	-50
402	Origin	Road	-50
402	Origin	Rail	20
402	Origin	IWW	-50
402	Destination	Road	-50
402	Destination	Rail	24
402	Destination	IWW	-50
403	Origin	Road	-50
403	Origin	Rail	20
403	Origin	IWW	-50
403	Destination	Road	-50
403	Destination	Rail	32
403	Destination	IWW	-50
404	Origin	Road	-50
404	Origin	Rail	-50
404	Origin	IWW	-50
404	Destination	Road	-50
404	Destination	Rail	-50
404	Destination	IWW	-50
405	Origin	Road	-50
405	Origin	Rail	16
405	Origin	IWW	-50
405	Destination	Road	-50
405	Destination	Rail	24
405	Destination	IWW	-50
406	Origin	Road	-50
406	Origin	Rail	12
406	Origin	IWW	-50
406	Destination	Road	-50
406	Destination	Rail	22
406	Destination	IWW	-50
407	Origin	Road	-50
407	Origin	Rail	-50
407	Origin	IWW	-50
407	Destination	Road	-50
407	Destination	Rail	-50
407	Destination	IWW	-50
408	Origin	Road	-50
408	Origin	Rail	50
408	Origin	IWW	-50
408	Destination	Road	-50
408	Destination	Rail	50
408	Destination	IWW	-50
409	Origin	Road	12
409	Origin	Rail	2
409	Origin	IWW	-50
409	Destination	Road	-50
409	Destination	Rail	12
409	Destination	IWW	-50
410	Origin	Road	-50
410	Origin	Rail	50
410	Origin	IWW	-50
410	Destination	Road	-50
410	Destination	Rail	50
410	Destination	IWW	-50
411	Origin	Road	-50
411	Origin	Rail	50
411	Origin	IWW	-50
411	Destination	Road	-50
411	Destination	Rail	50
411	Destination	IWW	-50
412	Origin	Road	-50
412	Origin	Rail	50
412	Origin	IWW	-50
412	Destination	Road	-50
412	Destination	Rail	50
412	Destination	IWW	-50
413	Origin	Road	-50
413	Origin	Rail	50
413	Origin	IWW	-50
413	Destination	Road	-50
413	Destination	Rail	50
413	Destination	IWW	-50
414	Origin	Road	-50
414	Origin	Rail	50
414	Origin	IWW	-50
414	Destination	Road	-50
414	Destination	Rail	50
414	Destination	IWW	-50
415	Origin	Road	-50
415	Origin	Rail	50
415	Origin	IWW	-50
415	Destination	Road	-50
415	Destination	Rail	50
415	Destination	IWW	-50
416	Origin	Road	34
416	Origin	Rail	-12
416	Origin	IWW	-50
416	Destination	Road	26
416	Destination	Rail	0
416	Destination	IWW	-50
417	Origin	Road	-50
417	Origin	Rail	-50
417	Origin	IWW	-50
417	Destination	Road	-50
417	Destination	Rail	-50
417	Destination	IWW	-50
418	Origin	Road	-50
418	Origin	Rail	50
418	Origin	IWW	-50
418	Destination	Road	-50
418	Destination	Rail	18
418	Destination	IWW	-50
419	Origin	Road	-50
419	Origin	Rail	50
419	Origin	IWW	-50
419	Destination	Road	-50
419	Destination	Rail	16
419	Destination	IWW	-50
420	Origin	Road	-50
420	Origin	Rail	-50
420	Origin	IWW	-50
420	Destination	Road	-50
420	Destination	Rail	-50
420	Destination	IWW	-50
421	Origin	Road	-50
421	Origin	Rail	50
421	Origin	IWW	-50
421	Destination	Road	-50
421	Destination	Rail	16
421	Destination	IWW	-50
422	Origin	Road	-50
422	Origin	Rail	-50
422	Origin	IWW	-50
422	Destination	Road	-50
422	Destination	Rail	-50
422	Destination	IWW	-50
423	Origin	Road	-50
423	Origin	Rail	-50
423	Origin	IWW	-50
423	Destination	Road	-50
423	Destination	Rail	-50
423	Destination	IWW	-50
424	Origin	Road	-50
424	Origin	Rail	10
424	Origin	IWW	-50
424	Destination	Road	-50
424	Destination	Rail	46
424	Destination	IWW	-50
425	Origin	Road	-50
425	Origin	Rail	-50
425	Origin	IWW	-50
425	Destination	Road	-50
425	Destination	Rail	-50
425	Destination	IWW	-50
426	Origin	Road	-50
426	Origin	Rail	-50
426	Origin	IWW	-50
426	Destination	Road	-50
426	Destination	Rail	-50
426	Destination	IWW	-50
427	Origin	Road	-50
427	Origin	Rail	-50
427	Origin	IWW	-50
427	Destination	Road	-50
427	Destination	Rail	-50
427	Destination	IWW	-50
428	Origin	Road	-50
428	Origin	Rail	-50
428	Origin	IWW	-50
428	Destination	Road	-50
428	Destination	Rail	-50
428	Destination	IWW	-50
429	Origin	Road	-50
429	Origin	Rail	-50
429	Origin	IWW	-50
429	Destination	Road	-50
429	Destination	Rail	-50
429	Destination	IWW	-50
430	Origin	Road	-50
430	Origin	Rail	20
430	Origin	IWW	-50
430	Destination	Road	-50
430	Destination	Rail	44
430	Destination	IWW	-50
431	Origin	Road	-50
431	Origin	Rail	-50
431	Origin	IWW	-50
431	Destination	Road	-50
431	Destination	Rail	-50
431	Destination	IWW	-50
432	Origin	Road	-50
432	Origin	Rail	-50
432	Origin	IWW	-50
432	Destination	Road	-50
432	Destination	Rail	-50
432	Destination	IWW	-50
433	Origin	Road	-50
433	Origin	Rail	-50
433	Origin	IWW	-50
433	Destination	Road	-50
433	Destination	Rail	-50
433	Destination	IWW	-50
434	Origin	Road	-50
434	Origin	Rail	-50
434	Origin	IWW	-50
434	Destination	Road	-50
434	Destination	Rail	-50
434	Destination	IWW	-50
435	Origin	Road	-50
435	Origin	Rail	22
435	Origin	IWW	-50
435	Destination	Road	-50
435	Destination	Rail	48
435	Destination	IWW	-50
436	Origin	Road	-50
436	Origin	Rail	-50
436	Origin	IWW	-50
436	Destination	Road	-50
436	Destination	Rail	-50
436	Destination	IWW	-50
437	Origin	Road	-50
437	Origin	Rail	-50
437	Origin	IWW	-50
437	Destination	Road	-50
437	Destination	Rail	-50
437	Destination	IWW	-50
438	Origin	Road	-50
438	Origin	Rail	-50
438	Origin	IWW	-50
438	Destination	Road	-50
438	Destination	Rail	-50
438	Destination	IWW	-50
439	Origin	Road	-50
439	Origin	Rail	24
439	Origin	IWW	-50
439	Destination	Road	-50
439	Destination	Rail	50
439	Destination	IWW	-50
440	Origin	Road	-50
440	Origin	Rail	-50
440	Origin	IWW	-50
440	Destination	Road	-50
440	Destination	Rail	-50
440	Destination	IWW	-50
441	Origin	Road	-50
441	Origin	Rail	-50
441	Origin	IWW	-50
441	Destination	Road	-50
441	Destination	Rail	-50
441	Destination	IWW	-50
442	Origin	Road	-50
442	Origin	Rail	28
442	Origin	IWW	-50
442	Destination	Road	-50
442	Destination	Rail	50
442	Destination	IWW	-50
443	Origin	Road	-50
443	Origin	Rail	20
443	Origin	IWW	-50
443	Destination	Road	-50
443	Destination	Rail	44
443	Destination	IWW	-50
444	Origin	Road	-50
444	Origin	Rail	24
444	Origin	IWW	-50
444	Destination	Road	-50
444	Destination	Rail	48
444	Destination	IWW	-50
445	Origin	Road	-50
445	Origin	Rail	-50
445	Origin	IWW	-50
445	Destination	Road	-50
445	Destination	Rail	-50
445	Destination	IWW	-50
446	Origin	Road	-50
446	Origin	Rail	-50
446	Origin	IWW	-50
446	Destination	Road	-50
446	Destination	Rail	-50
446	Destination	IWW	-50
447	Origin	Road	-20
447	Origin	Rail	0
447	Origin	IWW	-50
447	Destination	Road	-2
447	Destination	Rail	0
447	Destination	IWW	-50
Commodity VOT	0		0,888
Commodity VOT	1		0,84
Commodity VOT	2		0
Commodity VOT	3		0
Commodity VOT	4		0
Commodity VOT	5		0,186
Commodity VOT	6		0,684
Commodity VOT	7		0,798
Commodity VOT	8		0,822
Commodity VOT	9		0,9
Road tkm cost			0,05
Rail tkm cost			0,03
IWW tkm cost			0,01
Logit Alpha0			-0,188425
Logit Alpha1			-0,4
Logit Alpha2			-0,153325
Logit Alpha3			-0,137725
Logit Alpha4			-0,186475
Logit Alpha5			-0,4
Logit Alpha6			-0,4
Logit Alpha7			-0,4
Logit Alpha8			-0,3142
Logit Alpha9			-0,4
